##analysisDate=2017-06-28-11-20-08000																																															
##analyzedBy=RingStudy Site E																																															
##exportDate=2017-11-08-12-49-53000																																															
##analysisName=Site E-R1-KRAS_DNA_REF																																															
##workflowName=Oncomine Focus w2.1 - DNA - Single Sample																																															
##sampleNames=Site E-R1-KRAS_DNA_REF-C-D_v1																																															
##reference=hg19																																															
##variantGroup=DEFAULT																																															
##filterChain=Site D_NoRef																																															
##searchText=																																															
##chromosome=All																																															
##totalVariantCount=574																																															
##filterInCount=30																																															
##filteredOutCount=544																																															
##hiddenVariantCount=0																																															
Locus	Genotype	Ref	Type	No Call Reason	Genes	Location	Length	Oncomine Variant Class	Oncomine Gene Class	Copy Number	CytoBand	Info	Variant ID	Variant Name	% Frequency	Amino Acid Change	Read Counts	Coverage	Allele Ratio	CNV Confidence	Strand	Exon	Transcript	Coding	Variant Effect	PhyloP	SIFT	Grantham	PolyPhen	PFAM	dbSNP	DGV	MAF	EMAF	AMAF	GMAF	UCSC Common SNPs	Gene Ontology	DrugBank	ClinVar	Allele Coverage	p-value	Phred QUAL Score	CNV Precision	Ref+/Ref-/Var+/Var-	Homopolymer Length	Tiles
chr1:65310489	T/C	T	SNV		JAK1	exonic	1								44.19	p.(=)		1790	"T=0.5016, C=0.4984"		-	16	NM_002227.2	c.2199A>G	synonymous	-4.13				"Protein kinase domain,Protein tyrosine kinase"	rs2230588		0.352 (ref)	0.2323	0.418	0.3492	YES	"ATP binding,cytokine-mediated signaling pathway,cytoplasm,cytoskeleton,cytosol,endomembrane system,growth hormone receptor binding,interferon-gamma-mediated signaling pathway,intracellular protein kinase cascade,intracellular signal transduction,membrane,non-membrane spanning protein tyrosine kinase activity,nucleotide binding,nucleus,protein binding,protein phosphorylation,protein tyrosine kinase activity,regulation of interferon-gamma-mediated signaling pathway,regulation of type I interferon-mediated signaling pathway,response to antibiotic,type I interferon-mediated signaling pathway"	"2-(1,1-DIMETHYLETHYL)9-FLUORO-3,6-DIHYDRO-7H-BENZH-IMIDAZ4,5-FISOQUINOLIN-7-ONE,3-{(3R,4R)-4-methyl-3-methyl(7H-pyrrolo2,3-dpyrimidin-4-yl)aminopiperidin-1-yl}-3-oxopropanenitrile"		"T=796, C=791"	0.00001	6966.1		"T=523/273, C=502/289"	1	
chr1:65312342	G/A	G	SNV		JAK1	exonic	1								49.67	p.(=)		1997	"G=0.5033, A=0.4967"		-	14	NM_002227.2	c.1977C>T	synonymous	-2				"Protein kinase domain,Protein tyrosine kinase"	rs17127063		0.053 (ref)	0.027	0.1076	0.054	YES	"ATP binding,cytokine-mediated signaling pathway,cytoplasm,cytoskeleton,cytosol,endomembrane system,growth hormone receptor binding,interferon-gamma-mediated signaling pathway,intracellular protein kinase cascade,intracellular signal transduction,membrane,non-membrane spanning protein tyrosine kinase activity,nucleotide binding,nucleus,protein binding,protein phosphorylation,protein tyrosine kinase activity,regulation of interferon-gamma-mediated signaling pathway,regulation of type I interferon-mediated signaling pathway,response to antibiotic,type I interferon-mediated signaling pathway"	"2-(1,1-DIMETHYLETHYL)9-FLUORO-3,6-DIHYDRO-7H-BENZH-IMIDAZ4,5-FISOQUINOLIN-7-ONE,3-{(3R,4R)-4-methyl-3-methyl(7H-pyrrolo2,3-dpyrimidin-4-yl)aminopiperidin-1-yl}-3-oxopropanenitrile"		"G=1005, A=992"	0.00001	7608.41		"G=507/498, A=507/485"	1	
chr1:115256530	GT/TT	GT	SNV		NRAS	exonic	1	Hotspot	Gain-of-function			HS	COSM581;COSM580;COSM12730		"CT=0.00, TT=5.37, TA=0.00"	p.Gln61Lys		1994	"GT=0.9463, CT=0.0, TT=0.0537, TA=0.0"		-	3	NM_002524.4	c.181C>A	missense	"2.62,0.35"	0.01	53	0.948	"Miro-like protein,Ras family"	rs121913254							"GTP binding,GTPase activity,Golgi apparatus,Golgi membrane,MAPKKK cascade,Ral guanyl-nucleotide exchange factor activity,Ras protein signal transduction,actin cytoskeleton organization,activation of MAPKK activity,axon guidance,blood coagulation,epidermal growth factor receptor signaling pathway,insulin receptor signaling pathway,leukocyte migration,membrane fraction,nerve growth factor receptor signaling pathway,nucleotide binding,plasma membrane,positive regulation of Rac protein signal transduction,positive regulation of cell proliferation,regulation of long-term neuronal synaptic plasticity,regulation of synaptic transmission, GABAergic,signal transduction,small GTPase mediated signal transduction,striated muscle cell differentiation,visual learning"		untested	"GT=1887, CT=0, TT=107, TA=0"	0.00001	51.8863		"GT=946/941, CT=0/0, TT=57/50, TA=0/0"	"1,1,1"	
chr1:115258747	CC/AC	CC	SNV		"CSDE1,NRAS"	"exonic, downstream"	1					HS	COSM566;COSM565;COSM564;COSM559;COSM560;COSM12723		"AC=4.97, GC=0.00, TC=0.00, GG=0.00, TA=0.00, TT=0.00"	p.Gly12Val		1852	"CC=0.9503, AC=0.0497, GC=0.0, TC=0.0, GG=0.0, TA=0.0, TT=0.0"		-	2	"NM_002524.4, NM_001242891.1"	c.35G>T	missense	"2.91,2.91"	0.01	109	0.613	"Miro-like protein,Ras family"	"rs121913237,rs121913250"			1.00E-04	0	1.00E-04		"DNA binding,GTP binding,GTPase activity,Golgi apparatus,Golgi membrane,MAPKKK cascade,RNA binding,Ral guanyl-nucleotide exchange factor activity,Ras protein signal transduction,actin cytoskeleton organization,activation of MAPKK activity,axon guidance,blood coagulation,cytoplasm,epidermal growth factor receptor signaling pathway,insulin receptor signaling pathway,leukocyte migration,male gonad development,membrane fraction,nerve growth factor receptor signaling pathway,nucleotide binding,plasma membrane,positive regulation of Rac protein signal transduction,positive regulation of cell proliferation,regulation of long-term neuronal synaptic plasticity,regulation of synaptic transmission, GABAergic,regulation of transcription, DNA-dependent,signal transduction,small GTPase mediated signal transduction,striated muscle cell differentiation,visual learning"		pathogenic	"CC=1760, AC=92, GC=0, TC=0, GG=0, TA=0, TT=0"	0.00045	33.4797		"CC=858/902, AC=40/52, GC=0/0, TC=0/0, GG=0/0, TA=0/0, TT=0/0"	"2,2,2,2,2,2"	
chr2:29416366	G/C	G	SNV		ALK	exonic	1								9.81	p.Asp1529Glu		1845	"G=0.9019, C=0.0981"		-	29	NM_004304.4	c.4587C>G	missense	-1.46	1	45	0	"MAM domain,Protein kinase domain,Protein tyrosine kinase"	rs1881421		0.435 (ref)	0.3438	0.3915	0.4335	YES	"ATP binding,NF-kappaB-inducing kinase activity,activation of MAPK activity,cell proliferation,integral to plasma membrane,neuron development,nucleotide binding,phosphorylation,plasma membrane,positive regulation of NF-kappaB transcription factor activity,protein autophosphorylation,receptor activity,regulation of apoptotic process,signal transduction,transmembrane receptor protein tyrosine kinase activity,transmembrane receptor protein tyrosine kinase signaling pathway"			"G=1664, C=181"	0.00001	218.95		"G=824/840, C=85/96"	1	
chr2:29416572	C/C	T	SNV		ALK	exonic	1								100	p.Ile1461Val		1994	"T=0.0, C=1.0"		-	29	NM_004304.4	c.4381A>G	missense	-0.25	1	29	0	"MAM domain,Protein kinase domain,Protein tyrosine kinase"	rs1670283		0.007 (ref)	3.00E-04	0.0279	0.0097		"ATP binding,NF-kappaB-inducing kinase activity,activation of MAPK activity,cell proliferation,integral to plasma membrane,neuron development,nucleotide binding,phosphorylation,plasma membrane,positive regulation of NF-kappaB transcription factor activity,protein autophosphorylation,receptor activity,regulation of apoptotic process,signal transduction,transmembrane receptor protein tyrosine kinase activity,transmembrane receptor protein tyrosine kinase signaling pathway"			"T=0, C=1994"	0.00001	26849.9		"T=0/0, C=991/1003"	1	
chr2:29416615	G/A	G	SNV		ALK	exonic	1								51.93	p.(=)		1995	"G=0.4807, A=0.5193"		-	29	NM_004304.4	c.4338C>T	synonymous	-0.03				"MAM domain,Protein kinase domain,Protein tyrosine kinase"	rs56132472		0.074 (ref)	0.1126	0.0851	0.1033	YES	"ATP binding,NF-kappaB-inducing kinase activity,activation of MAPK activity,cell proliferation,integral to plasma membrane,neuron development,nucleotide binding,phosphorylation,plasma membrane,positive regulation of NF-kappaB transcription factor activity,protein autophosphorylation,receptor activity,regulation of apoptotic process,signal transduction,transmembrane receptor protein tyrosine kinase activity,transmembrane receptor protein tyrosine kinase signaling pathway"			"G=959, A=1036"	0.00001	8206.57		"G=437/522, A=500/536"	2	
chr2:29416630	T/TG	T	INDEL		ALK	exonic	1								"G=0.00, TG=11.11"	p.Pro1442fs		1936	"T=0.8889, G=0.0, TG=0.1111"		-	29	NM_004304.4	c.4322_4323insC	frameshiftInsertion	-2.25				"MAM domain,Protein kinase domain,Protein tyrosine kinase"								"ATP binding,NF-kappaB-inducing kinase activity,activation of MAPK activity,cell proliferation,integral to plasma membrane,neuron development,nucleotide binding,phosphorylation,plasma membrane,positive regulation of NF-kappaB transcription factor activity,protein autophosphorylation,receptor activity,regulation of apoptotic process,signal transduction,transmembrane receptor protein tyrosine kinase activity,transmembrane receptor protein tyrosine kinase signaling pathway"			"T=1721, G=0, TG=215"	0.00001	229.116		"T=847/874, G=0/0, TG=89/126"	"1,4"	
chr3:12632388	T/G	T	SNV		RAF1	exonic	1								5.51	p.Ser427Arg		1996	"T=0.9449, G=0.0551"		-	12	NM_002880.3	c.1279A>C	missense	2.12	0	110	1	"Phorbol esters/diacylglycerol binding domain (C1 domain),Protein kinase domain,Protein tyrosine kinase,Raf-like Ras-binding domain"								"ATP binding,MAP kinase kinase kinase activity,MAPKKK cascade,Ras GTPase binding,Ras protein signal transduction,activation of MAPKK activity,apoptotic process,axon guidance,blood coagulation,cell proliferation,cytoplasm,cytoskeleton organization,cytosol,epidermal growth factor receptor signaling pathway,heart development,insoluble fraction,insulin receptor signaling pathway,metal ion binding,mitochondrial outer membrane,mitogen-activated protein kinase kinase binding,negative regulation of apoptotic process,negative regulation of cell proliferation,negative regulation of cysteine-type endopeptidase activity involved in apoptotic process,negative regulation of protein complex assembly,nerve growth factor receptor signaling pathway,nucleotide binding,plasma membrane,platelet activation,positive regulation of peptidyl-serine phosphorylation,protein binding,protein heterodimerization activity,protein kinase activity,protein phosphorylation,protein serine/threonine kinase activity,receptor signaling protein activity,regulation of Rho protein signal transduction,regulation of apoptotic process,regulation of cell differentiation,regulation of cell motility,response to hypoxia,signal transduction,small GTPase mediated signal transduction,synaptic transmission,wound healing"	Sorafenib		"T=1886, G=110"	0.01152	19.3863		"T=912/974, G=49/61"	1	
chr3:41266101	C/A	C	SNV		CTNNB1	exonic	1	Hotspot	Gain-of-function			HS	COSM5673;COSM5677;COSM5669		"A=51.12, G=0.00, T=0.00"	p.Ser33Tyr		1825	"C=0.4888, A=0.5112, G=0.0, T=0.0"		+	3	NM_001904.3	c.98C>A	missense	2.73	0	144	1	Armadillo/beta-catenin-like repeat	rs121913400							"APC-Axin-1-beta-catenin complex,Axin-APC-beta-catenin-GSK3B complex,DNA binding,I-SMAD binding,R-SMAD binding,RPTP-like protein binding,SMAD binding,Schwann cell proliferation,Scrib-APC-beta-catenin complex,T cell differentiation in thymus,Wnt receptor signaling pathway,Z disc,adherens junction,adherens junction assembly,alpha-catenin binding,androgen receptor binding,androgen receptor signaling pathway,anterior/posterior axis specification,apical part of cell,apoptotic process,basolateral plasma membrane,beta-catenin-TCF7L2 complex,bone resorption,branching involved in ureteric bud morphogenesis,cadherin binding,canonical Wnt receptor signaling pathway,canonical Wnt receptor signaling pathway involved in negative regulation of apoptosis,canonical Wnt receptor signaling pathway involved in positive regulation of cardiac outflow tract cell proliferation,canonical Wnt receptor signaling pathway involved in positive regulation of epithelial to mesenchymal transition,catenin complex,cell adhesion,cell cortex,cell fate specification,cell junction,cell maturation,cell periphery,cell-cell adherens junction,cell-cell adhesion,cell-cell junction,cell-matrix adhesion,cell-substrate adherens junction,cellular component disassembly involved in apoptosis,cellular response to growth factor stimulus,cellular response to indole-3-methanol,cellular response to organic cyclic compound,central nervous system vasculogenesis,centrosome,chromatin binding,cytoplasm,cytoskeletal anchoring at plasma membrane,cytoskeleton,cytosol,dendritic shaft,desmosome,determination of dorsal/ventral asymmetry,dorsal/ventral axis specification,double-stranded DNA binding,ectoderm development,embryonic arm morphogenesis,embryonic axis specification,embryonic digit morphogenesis,embryonic foregut morphogenesis,embryonic heart tube development,embryonic hindlimb morphogenesis,embryonic limb morphogenesis,embryonic skeletal limb joint morphogenesis,endoderm formation,endodermal cell fate commitment,endothelial tube morphogenesis,enzyme binding,epithelial cell differentiation involved in prostate gland development,epithelial to mesenchymal transition,estrogen receptor binding,fascia adherens,forebrain development,fungiform papilla formation,gastrulation with mouth forming second,genitalia morphogenesis,glial cell fate determination,hair cell differentiation,hair follicle morphogenesis,hair follicle placode formation,hemopoiesis,hindbrain development,in utero embryonic development,internal side of plasma membrane,ion channel binding,ionotropic glutamate receptor binding,kinase binding,lamellipodium,lateral plasma membrane,lens morphogenesis in camera-type eye,limb development,liver development,lung cell differentiation,lung induction,lung-associated mesenchyme development,male genitalia development,membrane,membrane fraction,mesenchymal cell proliferation involved in lung development,mesenchymal to epithelial transition involved in metanephros morphogenesis,metanephros morphogenesis,microvillus membrane,midgut development,morphogenesis of embryonic epithelium,muscle cell differentiation,myoblast differentiation,negative regulation of cell proliferation,negative regulation of chondrocyte differentiation,negative regulation of heart induction by canonical Wnt receptor signaling pathway,negative regulation of oligodendrocyte differentiation,negative regulation of osteoclast differentiation,negative regulation of transcription from RNA polymerase II promoter,negative regulation of transcription, DNA-dependent,nephron tubule formation,neuron projection,nuclear hormone receptor binding,nucleus,odontogenesis of dentin-containing tooth,oocyte development,oviduct development,pancreas development,patterning of blood vessels,perinuclear region of cytoplasm,plasma membrane,positive regulation of I-kappaB kinase/NF-kappaB cascade,positive regulation of MAPKKK cascade,positive regulation of anti-apoptosis,positive regulation of apoptotic process,positive regulation of branching involved in lung morphogenesis,positive regulation of determination of dorsal identity,positive regulation of endothelial cell differentiation,positive regulation of epithelial cell proliferation involved in prostate gland development,positive regulation of fibroblast growth factor receptor signaling pathway,positive regulation of heparan sulfate proteoglycan biosynthetic process,positive regulation of mesenchymal cell proliferation,positive regulation of muscle cell differentiation,positive regulation of osteoblast differentiation,positive regulation of transcription from RNA polymerase II promoter,positive regulation of transcription, DNA-dependent,protein C-terminus binding,protein binding,protein kinase binding,protein localization at cell surface,protein phosphatase binding,protein-DNA complex,proximal/distal pattern formation,regulation of T cell proliferation,regulation of angiogenesis,regulation of calcium ion import,regulation of centriole-centriole cohesion,regulation of centromeric sister chromatid cohesion,regulation of fibroblast proliferation,regulation of myelination,regulation of nephron tubule epithelial cell differentiation,regulation of protein localization at cell surface,regulation of smooth muscle cell proliferation,renal inner medulla development,renal outer medulla development,renal vesicle formation,repressing transcription factor binding,response to cadmium ion,response to cytokine stimulus,response to drug,response to estradiol stimulus,response to hormone stimulus,sequence-specific DNA binding transcription factor activity,signal transducer activity,skeletal system development,skin development,smooth muscle cell differentiation,spindle pole,structural molecule activity,synapse,synapse organization,synaptic vesicle transport,thymus development,tongue morphogenesis,trachea formation,transcription coactivator activity,transcription factor binding,transcription factor complex,transcription regulatory region DNA binding,zonula adherens"	Urea	other	"C=892, A=933, G=0, T=0"	0.00001	8273.06		"C=424/468, A=442/491, G=0/0, T=0/0"	"1,1,1"	
chr3:178947865	G/A	G	SNV		PIK3CA	exonic	1								49.5	p.Gly914Arg		2000	"G=0.505, A=0.495"		+	19	NM_006218.2	c.2740G>A	missense	2.65	0	125	0.966	"PI3-kinase family,Phosphatidylinositol 3- and 4-kinase,Phosphoinositide 3-kinase C2,Phosphoinositide 3-kinase family"								"1-phosphatidylinositol-3-kinase activity,ATP binding,T cell costimulation,T cell receptor signaling pathway,angiogenesis,anti-apoptosis,blood coagulation,cytosol,epidermal growth factor receptor signaling pathway,fibroblast growth factor receptor signaling pathway,glucose metabolic process,hypomethylation of CpG island,insulin receptor signaling pathway,insulin receptor substrate binding,kinase activity,lamellipodium,leukocyte migration,nerve growth factor receptor signaling pathway,nucleotide binding,phosphatidylinositol 3-kinase complex,phosphatidylinositol phosphorylation,phosphatidylinositol-4,5-bisphosphate 3-kinase activity,phosphatidylinositol-mediated signaling,phosphotransferase activity, alcohol group as acceptor,platelet activation,positive regulation of peptidyl-serine phosphorylation,protein binding,protein kinase B signaling cascade,protein kinase activator activity,protein phosphorylation,protein serine/threonine kinase activity,regulation of multicellular organism growth,signal transduction"	"(1S,6BR,9AS,11R,11BR)-9A,11B-DIMETHYL-1-(METHYLOXY)METHYL-3,6,9-TRIOXO-1,6,6B,7,8,9,9A,10,11,11B-DECAHYDRO-3H-FURO4,3,2-DEINDENO4,5-H2BENZOPYRAN-11-YL ACETATE"		"G=1010, A=990"	0.00001	7566.84		"G=513/497, A=501/489"	2	
chr4:1801137	TGGGG/TGGG	TGGGG	INDEL		FGFR3	exonic	1								"TGGG=64.78, TGGGC=3.19, TGGGGC=9.45"	p.Gln92fs		1789	"TGGGG=0.2258, TGGG=0.6478, TGGGC=0.0319, TGGGGC=0.0945"		+	3	NM_000142.4	c.270delG	frameshiftDeletion	"0.52,1.91,1.91,1.91,-0.03"				"Immunoglobulin I-set domain,Immunoglobulin domain,Protein kinase domain,Protein tyrosine kinase"								"ATP binding,JAK-STAT cascade,MAPKKK cascade,bone maturation,bone morphogenesis,chondrocyte differentiation,chondrocyte proliferation,cytoplasmic membrane-bounded vesicle,endochondral bone growth,endochondral ossification,endoplasmic reticulum,fibroblast growth factor binding,fibroblast growth factor receptor signaling pathway,fibroblast growth factor-activated receptor activity,focal adhesion,insulin receptor signaling pathway,integral to plasma membrane,negative regulation of developmental growth,nucleotide binding,peptidyl-tyrosine phosphorylation,plasma membrane,positive regulation of ERK1 and ERK2 cascade,positive regulation of MAPKKK cascade,positive regulation of cell proliferation,positive regulation of phosphatidylinositol 3-kinase activity,positive regulation of phospholipase activity,positive regulation of tyrosine phosphorylation of Stat1 protein,positive regulation of tyrosine phosphorylation of Stat3 protein,protein autophosphorylation,protein binding,protein tyrosine kinase activity,receptor activity,regulation of apoptotic process,skeletal system development"	"Palifermin,Pazopanib"		"TGGGG=404, TGGG=1159, TGGGC=57, TGGGGC=169"	0.00001	5153.61		"TGGGG=336/68, TGGG=456/703, TGGGC=55/2, TGGGGC=161/8"	"4,4,4"	
chr4:1807894	A/A	G	SNV		FGFR3	exonic	1								100	p.(=)		1792	"G=0.0, A=1.0"		+	14	NM_000142.4	c.1953G>A	synonymous	0.05				"Immunoglobulin I-set domain,Immunoglobulin domain,Protein kinase domain,Protein tyrosine kinase"	rs7688609		0.042 (ref)	8.00E-04	0.131	0.0449	YES	"ATP binding,JAK-STAT cascade,MAPKKK cascade,bone maturation,bone morphogenesis,chondrocyte differentiation,chondrocyte proliferation,cytoplasmic membrane-bounded vesicle,endochondral bone growth,endochondral ossification,endoplasmic reticulum,fibroblast growth factor binding,fibroblast growth factor receptor signaling pathway,fibroblast growth factor-activated receptor activity,focal adhesion,insulin receptor signaling pathway,integral to plasma membrane,negative regulation of developmental growth,nucleotide binding,peptidyl-tyrosine phosphorylation,plasma membrane,positive regulation of ERK1 and ERK2 cascade,positive regulation of MAPKKK cascade,positive regulation of cell proliferation,positive regulation of phosphatidylinositol 3-kinase activity,positive regulation of phospholipase activity,positive regulation of tyrosine phosphorylation of Stat1 protein,positive regulation of tyrosine phosphorylation of Stat3 protein,protein autophosphorylation,protein binding,protein tyrosine kinase activity,receptor activity,regulation of apoptotic process,skeletal system development"	"Palifermin,Pazopanib"		"G=0, A=1792"	0.00001	24026		"G=0/0, A=948/844"	1	
chr4:55141055	G/G	A	SNV		PDGFRA	exonic	1								100	p.(=)		1995	"A=0.0, G=1.0"		+	12	NM_006206.4	c.1701A>G	synonymous	-5.31				"Immunoglobulin I-set domain,Immunoglobulin domain,Protein kinase domain,Protein tyrosine kinase"	"rs121913270,rs121913271,rs1873778"		0.037 (ref)	0.0015	0.1185	0.0411	YES	"ATP binding,Leydig cell differentiation,adrenal gland development,cardiac myofibril assembly,cell activation,cell chemotaxis,cellular response to amino acid stimulus,cytoplasm,elevation of cytosolic calcium ion concentration,embryonic cranial skeleton morphogenesis,embryonic digestive tract morphogenesis,embryonic skeletal system morphogenesis,estrogen metabolic process,extracellular matrix organization,face morphogenesis,female gonad development,gliogenesis,growth factor binding,in utero embryonic development,inner ear development,integral to plasma membrane,intrinsic to plasma membrane,lung development,luteinization,male genitalia development,metanephric glomerular capillary formation,multicellular organismal development,negative regulation of platelet activation,nucleotide binding,nucleus,odontogenesis of dentin-containing tooth,palate development,peptidyl-tyrosine phosphorylation,phosphatidylinositol 3-kinase binding,phosphatidylinositol-mediated signaling,plasma membrane,platelet aggregation,platelet-derived growth factor alpha-receptor activity,platelet-derived growth factor binding,platelet-derived growth factor receptor binding,platelet-derived growth factor receptor signaling pathway,platelet-derived growth factor receptor-alpha signaling pathway,positive regulation of DNA replication,positive regulation of ERK1 and ERK2 cascade,positive regulation of cell migration,positive regulation of cell proliferation,positive regulation of fibroblast proliferation,positive regulation of phosphatidylinositol 3-kinase activity,positive regulation of phosphatidylinositol 3-kinase cascade,positive regulation of phospholipase C activity,protein autophosphorylation,protein homodimerization activity,protein tyrosine kinase activity,receptor activity,regulation of actin cytoskeleton reorganization,regulation of chemotaxis,regulation of mesenchymal stem cell differentiation,response to cytokine stimulus,response to estradiol stimulus,response to hormone stimulus,response to hyperoxia,response to inorganic substance,retina vasculature development in camera-type eye,signal transduction involved in regulation of gene expression,transmembrane receptor protein tyrosine kinase activity,vascular endothelial growth factor receptor signaling pathway,vascular endothelial growth factor-activated receptor activity,wound healing"	"Becaplermin,Imatinib,Pazopanib,Sunitinib"		"A=0, G=1995"	0.00001	26889.5		"A=0/0, G=1024/971"	1	
chr4:55593686	T/TC	T	INDEL		KIT	exonic	1								10.84	p.Arg586fs		1993	"T=0.8916, TC=0.1084"		+	11	NM_000222.2	c.1755_1756insC	frameshiftInsertion	0.2				"Immunoglobulin I-set domain,Immunoglobulin domain,Protein kinase domain,Protein tyrosine kinase"								"ATP binding,activation of MAPK activity,cytokine binding,cytokine-mediated signaling pathway,cytoplasm,external side of plasma membrane,extracellular space,germ cell programmed cell death,glycosphingolipid metabolic process,hemopoiesis,integral to membrane,intracellular protein kinase cascade,lymphoid progenitor cell differentiation,male gonad development,mast cell differentiation,mast cell proliferation,melanocyte differentiation,metal ion binding,myeloid progenitor cell differentiation,negative regulation of programmed cell death,nucleotide binding,nucleus,peptidyl-tyrosine phosphorylation,plasma membrane,positive regulation of JAK-STAT cascade,positive regulation of MAPKKK cascade,positive regulation of gene expression,positive regulation of phosphatidylinositol 3-kinase activity,positive regulation of phosphatidylinositol 3-kinase cascade,positive regulation of phospholipase C activity,positive regulation of sequence-specific DNA binding transcription factor activity,positive regulation of tyrosine phosphorylation of Stat1 protein,positive regulation of tyrosine phosphorylation of Stat3 protein,positive regulation of tyrosine phosphorylation of Stat5 protein,protein autophosphorylation,protein binding,protein homodimerization activity,protein tyrosine kinase activity,receptor activity,receptor signaling protein tyrosine kinase activity,regulation of cell proliferation,regulation of developmental pigmentation,response to radiation,signal transduction,spermatid development,spermatogenesis,stem cell factor receptor activity,stem cell maintenance,transmembrane receptor protein tyrosine kinase activity,transmembrane receptor protein tyrosine kinase signaling pathway"	"Adenosine-5'-Diphosphate,Dasatinib,Imatinib,Nilotinib,Pazopanib,Phosphonotyrosine,Sorafenib,Sunitinib"		"T=1777, TC=216"	0.00001	51.0109		"T=775/1002, TC=186/30"	3	
chr4:55594203	G/GC	G	INDEL		KIT	exonic	1								17.39	p.Leu637fs		1708	"G=0.8261, GC=0.1739"		+	13	NM_000222.2	c.1909_1910insC	frameshiftInsertion	2.88				"Immunoglobulin I-set domain,Immunoglobulin domain,Protein kinase domain,Protein tyrosine kinase"								"ATP binding,activation of MAPK activity,cytokine binding,cytokine-mediated signaling pathway,cytoplasm,external side of plasma membrane,extracellular space,germ cell programmed cell death,glycosphingolipid metabolic process,hemopoiesis,integral to membrane,intracellular protein kinase cascade,lymphoid progenitor cell differentiation,male gonad development,mast cell differentiation,mast cell proliferation,melanocyte differentiation,metal ion binding,myeloid progenitor cell differentiation,negative regulation of programmed cell death,nucleotide binding,nucleus,peptidyl-tyrosine phosphorylation,plasma membrane,positive regulation of JAK-STAT cascade,positive regulation of MAPKKK cascade,positive regulation of gene expression,positive regulation of phosphatidylinositol 3-kinase activity,positive regulation of phosphatidylinositol 3-kinase cascade,positive regulation of phospholipase C activity,positive regulation of sequence-specific DNA binding transcription factor activity,positive regulation of tyrosine phosphorylation of Stat1 protein,positive regulation of tyrosine phosphorylation of Stat3 protein,positive regulation of tyrosine phosphorylation of Stat5 protein,protein autophosphorylation,protein binding,protein homodimerization activity,protein tyrosine kinase activity,receptor activity,receptor signaling protein tyrosine kinase activity,regulation of cell proliferation,regulation of developmental pigmentation,response to radiation,signal transduction,spermatid development,spermatogenesis,stem cell factor receptor activity,stem cell maintenance,transmembrane receptor protein tyrosine kinase activity,transmembrane receptor protein tyrosine kinase signaling pathway"	"Adenosine-5'-Diphosphate,Dasatinib,Imatinib,Nilotinib,Pazopanib,Phosphonotyrosine,Sorafenib,Sunitinib"		"G=1411, GC=297"	0.00001	203.269		"G=698/713, GC=244/53"	3	
chr5:176517797	T/T	C	SNV		FGFR4	exonic	1								100	p.Pro136Leu		1992	"C=0.0, T=1.0"		+	4	NM_213647.1	c.407C>T	missense	1.12	0.3	98	0	"Immunoglobulin I-set domain,Immunoglobulin V-set domain,Immunoglobulin domain,Protein kinase domain,Protein tyrosine kinase"	rs376618		0.185 (ref)	0.248	0.3393	0.2789	YES	"ATP binding,alveolar secondary septum development,cell migration,cell-cell junction,cytoplasm,endoplasmic reticulum,endosome,extracellular region,fibroblast growth factor 1 binding,fibroblast growth factor 2 binding,fibroblast growth factor binding,fibroblast growth factor receptor signaling pathway,fibroblast growth factor-activated receptor activity,glucose homeostasis,heparin binding,insulin receptor signaling pathway,integral to plasma membrane,lung development,nucleolus,nucleotide binding,nucleus,organ induction,peptidyl-tyrosine phosphorylation,phosphate ion homeostasis,plasma membrane,positive regulation of DNA biosynthetic process,positive regulation of ERK1 and ERK2 cascade,positive regulation of cell proliferation,positive regulation of metalloenzyme activity,positive regulation of proteolysis,protein autophosphorylation,protein tyrosine kinase activity,receptor activity,regulation of bile acid biosynthetic process,regulation of cholesterol homeostasis,regulation of extracellular matrix disassembly,regulation of lipid metabolic process"	Palifermin		"C=0, T=1992"	0.00001	26691.7		"C=0/0, T=1115/877"	4	
chr5:176517985	A/G	A	SNV		FGFR4	exonic	1								17.97	p.(=)		1625	"A=0.8203, G=0.1797"		+	5	NM_213647.1	c.483A>G	synonymous	-3.74				"Immunoglobulin I-set domain,Immunoglobulin V-set domain,Immunoglobulin domain,Protein kinase domain,Protein tyrosine kinase"								"ATP binding,alveolar secondary septum development,cell migration,cell-cell junction,cytoplasm,endoplasmic reticulum,endosome,extracellular region,fibroblast growth factor 1 binding,fibroblast growth factor 2 binding,fibroblast growth factor binding,fibroblast growth factor receptor signaling pathway,fibroblast growth factor-activated receptor activity,glucose homeostasis,heparin binding,insulin receptor signaling pathway,integral to plasma membrane,lung development,nucleolus,nucleotide binding,nucleus,organ induction,peptidyl-tyrosine phosphorylation,phosphate ion homeostasis,plasma membrane,positive regulation of DNA biosynthetic process,positive regulation of ERK1 and ERK2 cascade,positive regulation of cell proliferation,positive regulation of metalloenzyme activity,positive regulation of proteolysis,protein autophosphorylation,protein tyrosine kinase activity,receptor activity,regulation of bile acid biosynthetic process,regulation of cholesterol homeostasis,regulation of extracellular matrix disassembly,regulation of lipid metabolic process"	Palifermin		"A=1333, G=292"	0.00001	903.712		"A=702/631, G=282/10"	1	
chr7:55241707	G/A	G	SNV		EGFR	exonic	1	Hotspot	Gain-of-function			HS	COSM6252;COSM6253		"A=34.15, T=0.00"	p.Gly719Ser		2000	"G=0.6585, A=0.3415, T=0.0"		+	18	NM_005228.3	c.2155G>A	missense	2.75	0	56	1	"Furin-like cysteine rich region,Protein kinase domain,Protein tyrosine kinase,Receptor L domain"	rs28929495							"AP-2 adaptor complex,ATP binding,Golgi apparatus,Golgi membrane,MAP/ERK kinase kinase activity,Shc-EGFR complex,actin filament binding,activation of phospholipase A2 activity by calcium-mediated signaling,activation of phospholipase C activity,axon guidance,basolateral plasma membrane,cell morphogenesis,cell proliferation,cell surface receptor linked signaling pathway,cell-cell adhesion,cerebral cortex cell migration,cytoplasm,digestive tract morphogenesis,double-stranded DNA binding,embryonic placenta development,endocytic vesicle,endoplasmic reticulum,endoplasmic reticulum membrane,endosome,endosome membrane,enzyme binding,epidermal growth factor receptor signaling pathway,epidermal growth factor-activated receptor activity,extracellular region,extracellular space,hair follicle development,identical protein binding,integral to membrane,intracellular,membrane,membrane raft,morphogenesis of an epithelial fold,multicellular organismal development,negative regulation of apoptotic process,negative regulation of epidermal growth factor receptor signaling pathway,negative regulation of protein catabolic process,nitric-oxide synthase regulator activity,nuclear membrane,nucleotide binding,nucleus,ossification,perinuclear region of cytoplasm,plasma membrane,positive regulation of DNA repair,positive regulation of DNA replication,positive regulation of MAP kinase activity,positive regulation of catenin import into nucleus,positive regulation of cell migration,positive regulation of cell proliferation,positive regulation of cyclin-dependent protein kinase activity involved in G1/S,positive regulation of epithelial cell proliferation,positive regulation of fibroblast proliferation,positive regulation of nitric oxide biosynthetic process,positive regulation of phosphorylation,positive regulation of protein kinase B signaling cascade,protein autophosphorylation,protein binding,protein heterodimerization activity,protein insertion into membrane,protein phosphatase binding,protein tyrosine kinase activity,receptor activity,receptor signaling protein tyrosine kinase activity,regulation of nitric-oxide synthase activity,regulation of peptidyl-tyrosine phosphorylation,response to UV-A,response to stress,salivary gland morphogenesis,signal transducer activity,signal transduction,transmembrane receptor protein tyrosine kinase activity,transmembrane signaling receptor activity"	"Cetuximab,Erlotinib,Flavopiridol,Gefitinib,Lapatinib,Lidocaine,N-4-(3-BROMO-PHENYLAMINO)-QUINAZOLIN-6-YL-ACRYLAMIDE,Panitumumab,S-{3-(4-ANILINOQUINAZOLIN-6-YL)AMINO-3-OXOPROPYL}-L-CYSTEINE,Trastuzumab,ZD-6474"	other	"G=1317, A=683, T=0"	0.00001	4617.46		"G=633/684, A=357/326, T=0/0"	"3,3"	
chr7:140494209	G/A	G	SNV		BRAF	exonic	1								30.57	p.Arg347Ter		1230	"G=0.6943, A=0.3057"		-	8	NM_004333.4	c.1039C>T	nonsense	2.75				"C1-like domain,Phorbol esters/diacylglycerol binding domain (C1 domain),Protein kinase domain,Protein tyrosine kinase,Raf-like Ras-binding domain"								"ATP binding,MAP kinase kinase kinase activity,activation of MAPKK activity,anti-apoptosis,cytoplasm,cytosol,metal ion binding,mitogen-activated protein kinase kinase binding,negative regulation of apoptotic process,negative regulation of neuron apoptosis,nerve growth factor receptor signaling pathway,nucleotide binding,nucleus,organ morphogenesis,plasma membrane,positive regulation of ERK1 and ERK2 cascade,positive regulation of peptidyl-serine phosphorylation,protein binding,protein heterodimerization activity,protein kinase activity,protein phosphorylation,protein serine/threonine kinase activity,receptor signaling protein activity,response to cAMP,response to peptide hormone stimulus,small GTPase mediated signal transduction,soluble fraction,synaptic transmission,synaptosome"	"(1E)-5-(1-piperidin-4-yl-3-pyridin-4-yl-1H-pyrazol-4-yl)-2,3-dihydro-1H-inden-1-one oxime,N-{2,4-difluoro-3-(5-pyridin-3-yl-1H-pyrrolo2,3-bpyridin-3-yl)carbonylphenyl}ethanesulfonamide,N-{3-(5-chloro-1H-pyrrolo2,3-bpyridin-3-yl)carbonyl-2,4-difluorophenyl}propane-1-sulfonamide,Sorafenib"		"G=854, A=376"	0.00001	1971.83		"G=406/448, A=193/183"	2	
chr8:128750540	A/G	A	SNV		MYC	exonic	1								50.48	p.Asn26Ser		1999	"A=0.4952, G=0.5048"		+	2	NM_002467.4	c.77A>G	missense	2.14	0.01	46	0.885	"Helix-loop-helix DNA-binding domain,Myc amino-terminal region,Myc leucine zipper domain"	rs4645959		0.019 (ref)	0.0397	0.0079	0.0289	YES	"DNA binding,E-box binding,MAPKKK cascade,branching involved in ureteric bud morphogenesis,canonical Wnt receptor signaling pathway,cell cycle arrest,cellular iron ion homeostasis,cellular response to UV,cellular response to drug,chromatin remodeling,chromosome organization,energy reserve metabolic process,fibroblast apoptosis,negative regulation of apoptotic process,negative regulation of cell division,negative regulation of fibroblast proliferation,negative regulation of monocyte differentiation,negative regulation of stress-activated MAPK cascade,negative regulation of transcription from RNA polymerase II promoter,nucleolus,nucleoplasm,nucleus,oxygen transport,positive regulation of DNA biosynthetic process,positive regulation of cell proliferation,positive regulation of cysteine-type endopeptidase activity involved in apoptotic process,positive regulation of epithelial cell proliferation,positive regulation of fibroblast proliferation,positive regulation of mesenchymal cell proliferation,positive regulation of metanephric cap mesenchymal cell proliferation,positive regulation of response to DNA damage stimulus,positive regulation of transcription from RNA polymerase II promoter,positive regulation of transcription, DNA-dependent,protein binding,protein complex,protein complex binding,regulation of telomere maintenance,repressing transcription factor binding,response to DNA damage stimulus,response to drug,response to gamma radiation,response to growth factor stimulus,sequence-specific DNA binding transcription factor activity,spindle,transcription factor binding"			"A=990, G=1009"	0.00001	7829.82		"A=504/486, G=511/498"	2	
chr9:80412485	T/TG	T	INDEL		GNAQ	exonic	1								12.53	p.Thr186fs		1756	"T=0.8747, TG=0.1253"		-	4	NM_002072.4	c.555_556insC	frameshiftInsertion	2.24				G-protein alpha subunit								"G-protein beta/gamma-subunit complex binding,G-protein coupled receptor binding,G-protein coupled receptor signaling pathway,GTP binding,GTP catabolic process,GTPase activator activity,GTPase activity,activation of adenylate cyclase activity by G-protein signaling pathway,activation of phospholipase C activity,activation of phospholipase C activity by dopamine receptor signaling pathway,behavior,blood coagulation,cytoplasm,developmental pigmentation,embryonic digit morphogenesis,extrinsic to internal side of plasma membrane,forebrain neuron development,glutamate signaling pathway,guanyl nucleotide binding,guanyl-nucleotide exchange factor activity,heart development,heterotrimeric G-protein complex,membrane fraction,metal ion binding,negative regulation of protein kinase activity,neuron remodeling,nucleotide binding,phospholipase C activity,plasma membrane,platelet activation,positive regulation of GTPase activity,post-embryonic development,protein ADP-ribosylation,protein binding,protein stabilization,regulation of action potential,regulation of catenin import into nucleus,regulation of melanocyte differentiation,signal transducer activity,skeletal system development"			"T=1536, TG=220"	0.00003	45.1881		"T=717/819, TG=162/58"	4	
chr10:43613843	G/T	G	SNV		RET	exonic	1								51.63	p.(=)		1999	"G=0.4837, T=0.5163"		+	13	NM_020975.4	c.2307G>T	synonymous	1.34				"Cadherin domain,Protein kinase domain,Protein tyrosine kinase"	rs1800861		0.277 (ref)	0.2347	0.1246	0.1974	YES	"ATP binding,MAPKKK cascade,calcium ion binding,cellular response to retinoic acid,embryonic epithelial tube formation,endosome membrane,enteric nervous system development,homophilic cell adhesion,induction of apoptosis,integral to membrane,integral to plasma membrane,membrane,membrane protein proteolysis,nervous system development,neural crest cell migration,neuron maturation,nucleotide binding,positive regulation of cell adhesion mediated by integrin,positive regulation of cell migration,positive regulation of metanephric glomerulus development,positive regulation of neuron projection development,positive regulation of transcription, DNA-dependent,posterior midgut development,protein binding,protein phosphorylation,protein tyrosine kinase activity,receptor activity,regulation of cell adhesion,response to pain,signal transduction,transmembrane receptor protein tyrosine kinase activity,ureteric bud development"	"1-Ter-Butyl-3-P-Tolyl-1h-Pyrazolo3,4-DPyrimidin-4-Ylamine,4-BROMO-2-FLUORO-N-(4E)-6-METHOXY-7-(1-METHYLPIPERIDIN-4-YL)METHOXYQUINAZOLIN-4(1H)-YLIDENEANILINE,Imatinib"	untested	"G=967, T=1032"	0.00001	8143.14		"G=471/496, T=480/552"	1	
chr10:43615641	A/C	A	SNV		RET	exonic	1								5.51	p.Lys907Thr		1998	"A=0.9449, C=0.0551"		+	15	NM_020975.4	c.2720A>C	missense	2.13	0	78	1	"Cadherin domain,Protein kinase domain,Protein tyrosine kinase"								"ATP binding,MAPKKK cascade,calcium ion binding,cellular response to retinoic acid,embryonic epithelial tube formation,endosome membrane,enteric nervous system development,homophilic cell adhesion,induction of apoptosis,integral to membrane,integral to plasma membrane,membrane,membrane protein proteolysis,nervous system development,neural crest cell migration,neuron maturation,nucleotide binding,positive regulation of cell adhesion mediated by integrin,positive regulation of cell migration,positive regulation of metanephric glomerulus development,positive regulation of neuron projection development,positive regulation of transcription, DNA-dependent,posterior midgut development,protein binding,protein phosphorylation,protein tyrosine kinase activity,receptor activity,regulation of cell adhesion,response to pain,signal transduction,transmembrane receptor protein tyrosine kinase activity,ureteric bud development"	"1-Ter-Butyl-3-P-Tolyl-1h-Pyrazolo3,4-DPyrimidin-4-Ylamine,4-BROMO-2-FLUORO-N-(4E)-6-METHOXY-7-(1-METHYLPIPERIDIN-4-YL)METHOXYQUINAZOLIN-4(1H)-YLIDENEANILINE,Imatinib"		"A=1888, C=110"	0.0123	19.1022		"A=920/968, C=59/51"	2	
chr12:25378562	C/T	C	SNV		KRAS	exonic	1	Hotspot	Gain-of-function			HS	COSM19905;COSM19404		"G=0.00, T=6.58"	p.Ala146Thr		896	"C=0.9342, G=0.0, T=0.0658"		-	4	NM_033360.3	c.436G>A	missense	2.76	0.01	58	0.963	"Miro-like protein,Ras family"	rs121913527							"GDP binding,GMP binding,GTP binding,GTPase activity,LRR domain binding,MAPKKK cascade,Ral guanyl-nucleotide exchange factor activity,Ras protein signal transduction,activation of MAPKK activity,axon guidance,blood coagulation,cytokine-mediated signaling pathway,epidermal growth factor receptor signaling pathway,insulin receptor signaling pathway,leukocyte migration,membrane raft,mitochondrion,nerve growth factor receptor signaling pathway,nucleotide binding,plasma membrane,positive regulation of MAP kinase activity,positive regulation of NF-kappaB transcription factor activity,positive regulation of nitric-oxide synthase activity,protein binding,response to glucocorticoid stimulus,response to mineralocorticoid stimulus,signal transduction,small GTPase mediated signal transduction,social behavior"	"(3,7,11-TRIMETHYL-DODECA-2,6,10-TRIENYLOXYCARBAMOYL)-METHYL-PHOSPHONIC ACID,FARNESYL,FARNESYL DIPHOSPHATE"	untested	"C=837, G=0, T=59"	0.00001	57.3192		"C=432/405, G=0/0, T=26/33"	"1,1"	
chr12:25380275	TT/GT	TT	SNV		KRAS	exonic	1					HS	COSM555;COSM554;COSM1168052		"AC=0.00, AT=0.00, GT=4.05"	p.Gln61His		1998	"TT=0.9595, AC=0.0, AT=0.0, GT=0.0405"		-	3	NM_033360.3	c.183A>C	missense	"2.33,2.33"	0.01	24	0.09	"Miro-like protein,Ras family"	"rs121913240,rs17851045"							"GDP binding,GMP binding,GTP binding,GTPase activity,LRR domain binding,MAPKKK cascade,Ral guanyl-nucleotide exchange factor activity,Ras protein signal transduction,activation of MAPKK activity,axon guidance,blood coagulation,cytokine-mediated signaling pathway,epidermal growth factor receptor signaling pathway,insulin receptor signaling pathway,leukocyte migration,membrane raft,mitochondrion,nerve growth factor receptor signaling pathway,nucleotide binding,plasma membrane,positive regulation of MAP kinase activity,positive regulation of NF-kappaB transcription factor activity,positive regulation of nitric-oxide synthase activity,protein binding,response to glucocorticoid stimulus,response to mineralocorticoid stimulus,signal transduction,small GTPase mediated signal transduction,social behavior"	"(3,7,11-TRIMETHYL-DODECA-2,6,10-TRIENYLOXYCARBAMOYL)-METHYL-PHOSPHONIC ACID,FARNESYL,FARNESYL DIPHOSPHATE"	untested	"TT=1917, AC=0, AT=0, GT=81"	0.07387	11.3154		"TT=965/952, AC=0/0, AT=0/0, GT=44/37"	"2,2,2"	
chr12:25398281	CC/TC	CC	SNV		KRAS	exonic	1					HS	COSM534;COSM533;COSM532;COSM525;COSM53283		"AC=0.00, GC=0.00, TC=4.85, AT=0.00, TT=0.00"	p.Gly13Asp		1998	"CC=0.9515, AC=0.0, GC=0.0, TC=0.0485, AT=0.0, TT=0.0"		-	2	NM_033360.3	c.38G>A	missense	"2.67,2.67"	0	94	0.803	"Miro-like protein,Ras family"	"rs112445441,rs121913535"							"GDP binding,GMP binding,GTP binding,GTPase activity,LRR domain binding,MAPKKK cascade,Ral guanyl-nucleotide exchange factor activity,Ras protein signal transduction,activation of MAPKK activity,axon guidance,blood coagulation,cytokine-mediated signaling pathway,epidermal growth factor receptor signaling pathway,insulin receptor signaling pathway,leukocyte migration,membrane raft,mitochondrion,nerve growth factor receptor signaling pathway,nucleotide binding,plasma membrane,positive regulation of MAP kinase activity,positive regulation of NF-kappaB transcription factor activity,positive regulation of nitric-oxide synthase activity,protein binding,response to glucocorticoid stimulus,response to mineralocorticoid stimulus,signal transduction,small GTPase mediated signal transduction,social behavior"	"(3,7,11-TRIMETHYL-DODECA-2,6,10-TRIENYLOXYCARBAMOYL)-METHYL-PHOSPHONIC ACID,FARNESYL,FARNESYL DIPHOSPHATE"	"other,pathogenic"	"CC=1901, AC=0, GC=0, TC=97, AT=0, TT=0"	0.00061	32.1819		"CC=914/987, AC=0/0, GC=0/0, TC=40/57, AT=0/0, TT=0/0"	"2,2,2,2,2"	
chr12:25398284	CC/TC	CC	SNV		KRAS	exonic	1					HS	COSM520;COSM522;COSM521;COSM512;COSM514;COSM34144;COSM25081;COSM13643		"AA=0.00, AC=0.00, AG=0.00, AT=0.00, GC=0.00, TA=0.00, TC=4.15, TT=0.00"	p.Gly12Asp		1998	"CC=0.9585, AA=0.0, AC=0.0, AG=0.0, AT=0.0, GC=0.0, TA=0.0, TC=0.0415, TT=0.0"		-	2	NM_033360.3	c.35G>A	missense	"2.67,2.67"	0	94	0.517	"Miro-like protein,Ras family"	"rs121913529,rs121913530"							"GDP binding,GMP binding,GTP binding,GTPase activity,LRR domain binding,MAPKKK cascade,Ral guanyl-nucleotide exchange factor activity,Ras protein signal transduction,activation of MAPKK activity,axon guidance,blood coagulation,cytokine-mediated signaling pathway,epidermal growth factor receptor signaling pathway,insulin receptor signaling pathway,leukocyte migration,membrane raft,mitochondrion,nerve growth factor receptor signaling pathway,nucleotide binding,plasma membrane,positive regulation of MAP kinase activity,positive regulation of NF-kappaB transcription factor activity,positive regulation of nitric-oxide synthase activity,protein binding,response to glucocorticoid stimulus,response to mineralocorticoid stimulus,signal transduction,small GTPase mediated signal transduction,social behavior"	"(3,7,11-TRIMETHYL-DODECA-2,6,10-TRIENYLOXYCARBAMOYL)-METHYL-PHOSPHONIC ACID,FARNESYL,FARNESYL DIPHOSPHATE"	other	"CC=1915, AA=0, AC=0, AG=0, AT=0, GC=0, TA=0, TC=83, TT=0"	0.05037	12.9779		"CC=896/1019, AA=0/0, AC=0/0, AG=0/0, AT=0/0, GC=0/0, TA=0/0, TC=42/41, TT=0/0"	"2,2,2,2,2,2,2,2"	
chr15:66727451	A/C	A	SNV		MAP2K1	exonic	1								50.58	p.Gln56Pro		1993	"A=0.4942, C=0.5058"		+	2	NM_002755.3	c.167A>C	missense	1.91	0.02	76	0.702	"Protein kinase domain,Protein tyrosine kinase"								"ATP binding,Golgi apparatus,Golgi inheritance,MAP kinase kinase activity,MAPKKK cascade,MyD88-dependent toll-like receptor signaling pathway,MyD88-independent toll-like receptor signaling pathway,Ras GTPase binding,Ras protein signal transduction,Toll signaling pathway,activation of MAPK activity,activation of MAPKK activity,axon guidance,axon part,cell cortex,cell cycle arrest,cell motility,cellular component movement,cellular senescence,chemotaxis,cytoplasm,cytoskeleton,cytosol,dendrite cytoplasm,epidermal growth factor receptor signaling pathway,innate immune response,insulin receptor signaling pathway,keratinocyte differentiation,labyrinthine layer development,melanosome transport,microtubule,mitogen-activated protein kinase kinase kinase binding,mitosis,negative regulation of cell proliferation,negative regulation of homotypic cell-cell adhesion,nerve growth factor receptor signaling pathway,neuron differentiation,neuron projection morphogenesis,nucleotide binding,nucleus,perikaryon,perinuclear region of cytoplasm,placenta blood vessel development,plasma membrane,positive regulation of Ras GTPase activity,positive regulation of Ras protein signal transduction,positive regulation of cell differentiation,positive regulation of cell migration,positive regulation of transcription elongation from RNA polymerase II promoter,protein binding,protein kinase activity,protein serine/threonine kinase activity,protein tyrosine kinase activity,receptor signaling protein tyrosine phosphatase activity,regulation of vascular smooth muscle contraction,response to axon injury,response to glucocorticoid stimulus,response to oxidative stress,signal transduction,small GTPase mediated signal transduction,soluble fraction,spindle pole body,stress-activated MAPK cascade,toll-like receptor 1 signaling pathway,toll-like receptor 2 signaling pathway,toll-like receptor 3 signaling pathway,toll-like receptor 4 signaling pathway,toll-like receptor signaling pathway,vesicle transport along microtubule"	"(5S)-4,5-difluoro-6-(2-fluoro-4-iodophenyl)imino-N-(2-hydroxyethoxy)cyclohexa-1,3-diene-1-carboxamide,2-(2-chloro-4-iodophenyl)amino-N-{(2R)-2,3-dihydroxypropyloxy}-3,4-difluorobenzamide,2-(4-ETHYNYL-2-FLUOROPHENYL)AMINO-3,4-DIFLUORO-N-(2-HYDROXYETHOXY)BENZAMIDE,5-Bromo-N-(2,3-Dihydroxypropoxy)-3,4-Difluoro-2-(2-Fluoro-4-Iodophenyl)AminoBenzamide,K-252a,N-(5-{3,4-difluoro-2-(2-fluoro-4-iodophenyl)aminophenyl}-1,3,4-oxadiazol-2-yl)ethane-1,2-diamine,N-{(2R)-2,3-dihydroxypropyloxy}-3,4-difluoro-2-(2-fluoro-4-iodophenyl)aminobenzamide"		"A=985, C=1008"	0.00001	7825.24		"A=539/446, C=489/519"	1	
chr15:66729147	C/T	C	SNV		MAP2K1	exonic	1								51.28	p.His119Tyr		1999	"C=0.4872, T=0.5128"		+	3	NM_002755.3	c.355C>T	missense	2.38	0	83	0.999	"Protein kinase domain,Protein tyrosine kinase"								"ATP binding,Golgi apparatus,Golgi inheritance,MAP kinase kinase activity,MAPKKK cascade,MyD88-dependent toll-like receptor signaling pathway,MyD88-independent toll-like receptor signaling pathway,Ras GTPase binding,Ras protein signal transduction,Toll signaling pathway,activation of MAPK activity,activation of MAPKK activity,axon guidance,axon part,cell cortex,cell cycle arrest,cell motility,cellular component movement,cellular senescence,chemotaxis,cytoplasm,cytoskeleton,cytosol,dendrite cytoplasm,epidermal growth factor receptor signaling pathway,innate immune response,insulin receptor signaling pathway,keratinocyte differentiation,labyrinthine layer development,melanosome transport,microtubule,mitogen-activated protein kinase kinase kinase binding,mitosis,negative regulation of cell proliferation,negative regulation of homotypic cell-cell adhesion,nerve growth factor receptor signaling pathway,neuron differentiation,neuron projection morphogenesis,nucleotide binding,nucleus,perikaryon,perinuclear region of cytoplasm,placenta blood vessel development,plasma membrane,positive regulation of Ras GTPase activity,positive regulation of Ras protein signal transduction,positive regulation of cell differentiation,positive regulation of cell migration,positive regulation of transcription elongation from RNA polymerase II promoter,protein binding,protein kinase activity,protein serine/threonine kinase activity,protein tyrosine kinase activity,receptor signaling protein tyrosine phosphatase activity,regulation of vascular smooth muscle contraction,response to axon injury,response to glucocorticoid stimulus,response to oxidative stress,signal transduction,small GTPase mediated signal transduction,soluble fraction,spindle pole body,stress-activated MAPK cascade,toll-like receptor 1 signaling pathway,toll-like receptor 2 signaling pathway,toll-like receptor 3 signaling pathway,toll-like receptor 4 signaling pathway,toll-like receptor signaling pathway,vesicle transport along microtubule"	"(5S)-4,5-difluoro-6-(2-fluoro-4-iodophenyl)imino-N-(2-hydroxyethoxy)cyclohexa-1,3-diene-1-carboxamide,2-(2-chloro-4-iodophenyl)amino-N-{(2R)-2,3-dihydroxypropyloxy}-3,4-difluorobenzamide,2-(4-ETHYNYL-2-FLUOROPHENYL)AMINO-3,4-DIFLUORO-N-(2-HYDROXYETHOXY)BENZAMIDE,5-Bromo-N-(2,3-Dihydroxypropoxy)-3,4-Difluoro-2-(2-Fluoro-4-Iodophenyl)AminoBenzamide,K-252a,N-(5-{3,4-difluoro-2-(2-fluoro-4-iodophenyl)aminophenyl}-1,3,4-oxadiazol-2-yl)ethane-1,2-diamine,N-{(2R)-2,3-dihydroxypropyloxy}-3,4-difluoro-2-(2-fluoro-4-iodophenyl)aminobenzamide"		"C=974, T=1025"	0.00001	8041.33		"C=498/476, T=493/532"	1	